﻿{
  "tracker_broadcast": {
    "type": "array",
    "dropshadow": true,
    "orientation": "vertical",
    "content": [
      {
        "type": "itemgrid",
        "h_alignment": "center",
		"item_size": 32,
		"margin": "0,0",
        "item_margin": "8,6",
        "rows": [
          [ "bow_minimal", "fireicearrows", "lightarrow", "mirror", "lens" ],
          [ "hookshot", "bombs_blastmask", "gibdo_garo", "bottle1", "keg" ],
          [ "deku", "goron", "zora", "epona_check", "songofstorms_check" ],
		  [ "sonata_check", "lullaby_check", "bossanova_check", "elegy_check", "oath_check" ]
        ]
      },
	  
	  {
        "type": "array",
        "orientation": "vertical",
        "h_alignment": "center",
        "content": [
          {
            "type": "array",
            "orientation": "horizontal",
            "margin": "0,0",
            "content": [
              {
                "type": "item",
                "item": "woodfall",
                "margin": "10,6",
                "width": 32,
                "height": 32
              },
              {
                "type": "item",
                "item": "snowhead",
                "margin": "10,6",
                "width": 32,
                "height": 32
              },
              {
                "type": "item",
                "item": "greatbay",
                "margin": "10,6",
                "width": 32,
                "height": 32
              },
              {
                "type": "item",
                "item": "stonetower",
                "margin": "10,6",
                "width": 32,
                "height": 32
              }
            ]
          },
		  
		  {
            "type": "array",
            "orientation": "horizontal",
            "margin": "0,0",
            "content": [
				{
					"type": "array",
					"orientation": "horizontal",
					"margin": "10,2",
					"content": [
					  {
						"type": "item",
						"item": "woodfall_label",
						"margin": "0,0",
						"width": 32,
						"height": 12
					  }
					]
				},
				{
					"type": "array",
					"orientation": "horizontal",
					"margin": "10,2",
					"content": [
					  {
						"type": "item",
						"item": "snowhead_label",
						"margin": "0,0",
						"width": 32,
						"height": 12
					  }
					]
				},
				{
					"type": "array",
					"orientation": "horizontal",
					"margin": "10,2",
					"content": [
					  {
						"type": "item",
						"item": "greatbay_label",
						"margin": "0,0",
						"width": 32,
						"height": 12
					  }
					]
				},
				{
					"type": "array",
					"orientation": "horizontal",
					"margin": "10,2",
					"content": [
					  {
						"type": "item",
						"item": "stonetower_label",
						"margin": "0,0",
						"width": 32,
						"height": 12
					  }
					]
				}
            ]
          },
		  
          {
            "type": "array",
            "orientation": "horizontal",
            "margin": "0,0",
            "content": [
				{
					"type": "array",
					"orientation": "horizontal",
					"margin": "9,0",
					"content": [
					  {
						"type": "item",
						"item": "woodfall_boss_key",
						"margin": "0,2",
						"width": 16,
						"height": 16
					  },
					  {
						"type": "item",
						"item": "woodfall_small_keys",
						"margin": "1,2",
						"width": 16,
						"height": 16
					  }
					]
				},
				{
					"type": "array",
					"orientation": "horizontal",
					"margin": "9,0",
					"content": [
					  {
						"type": "item",
						"item": "snowhead_boss_key",
						"margin": "0,2",
						"width": 16,
						"height": 16
					  },
					  {
						"type": "item",
						"item": "snowhead_small_keys",
						"margin": "1,2",
						"width": 16,
						"height": 16
					  }
					]
				},
				{
					"type": "array",
					"orientation": "horizontal",
					"margin": "9,0",
					"content": [
					  {
						"type": "item",
						"item": "greatbay_boss_key",
						"margin": "0,2",
						"width": 16,
						"height": 16
					  },
					  {
						"type": "item",
						"item": "greatbay_small_keys",
						"margin": "1,2",
						"width": 16,
						"height": 16
					  }
					]
				},
				{
					"type": "array",
					"orientation": "horizontal",
					"margin": "9,0",
					"content": [
					  {
						"type": "item",
						"item": "stonetower_boss_key",
						"margin": "0,2",
						"width": 16,
						"height": 16
					  },
					  {
						"type": "item",
						"item": "stonetower_small_keys",
						"margin": "1,2",
						"width": 16,
						"height": 16
					  }
					]
				}
            ]
          }
        ]
      }
	  
    ]
  }
}