[

  {
    "name": "Shopsanity",
    "type": "progressive",
    "allow_disabled": false,
    "loop": true,
    "stages": [
      {
        "img": "images/shopsanity_no.png",
        "codes": "shopsanity,shopsanity_no"
      },
      {
        "img": "images/shopsanity_yes.png",
        "codes": "shopsanity,shopsanity_yes",
        "inherit_codes": false
      }
    ]
  },
  
  {
    "name": "Bottlesanity",
    "type": "progressive",
    "allow_disabled": false,
    "loop": true,
    "stages": [
      {
        "img": "images/bottlesanity_no.png",
        "codes": "bottlesanity,bottlesanity_no"
      },
      {
        "img": "images/bottlesanity_yes.png",
        "codes": "bottlesanity,bottlesanity_yes",
        "inherit_codes": false
      }
    ]
  }

  /*{
    "name": "Moon Requirement",
    "type": "progressive",
    "allow_disabled": false,
    "loop": true,
    "initial_stage_idx": 3,
    "stages": [
      {
        "img": "images/setting_bridge_open.png",
        "codes": "setting_bridge,bridge_open",
        "inherit_codes": false
      },
      {
        "img": "images/setting_bridge_vanilla.png",
        "codes": "setting_bridge,bridge_vanilla",
        "inherit_codes": false
      },
      {
        "img": "images/setting_bridge_stones.png",
        "codes": "setting_bridge,bridge_stones",
        "inherit_codes": false
      },
      {
        "img": "images/setting_bridge_medallions.png",
        "codes": "setting_bridge,bridge_medallions",
        "inherit_codes": false
      },
      {
        "img": "images/setting_bridge_dungeons.png",
        "codes": "setting_bridge,bridge_dungeons",
        "inherit_codes": false
      },
      {
        "img": "images/setting_bridge_100gs.png",
        "codes": "setting_bridge,bridge_100gs",
        "inherit_codes": false
      }
    ]
  },*/
  
  /*{
    "name": "Lens Requirement",
    "type": "progressive",
    "allow_disabled": false,
    "loop": true,
    "stages": [
      {
        "img": "images/lens_all.png",
        "codes": "type_lens,lens_all"
      },
      {
        "img": "images/lens_wasteland.png",
        "codes": "lens_wasteland"
      },
      {
        "img": "images/lens_chest.png",
        "codes": "lens_chest"
      }
    ]
  },*/
  
  /*{
    "name": "Show Gold Skulltulas",
    "type": "progressive",
    "allow_disabled": false,
    "loop": true,
    "stages": [
      {
        "img": "images/skulltula_hide.png",
        "codes": "hide_skulltulas"
      },
      {
        "img": "images/skulltula_dungeon.png",
        "codes": "dungeon_skulltulas"
      },
      {
        "img": "images/skulltula_all.png",
        "codes": "all_skulltulas"
      }
    ]
  },*/
  
  /*{
    "name": "Beans",
    "type": "progressive",
    "allow_disabled": false,
    "loop": true,
    "stages": [
      {
        "img": "images/bean_off.png",
        "codes": "beans_plant,beans_plant_no"
      },
      {
        "img": "images/bean_plant.png",
        "codes": "beans_plant,beans_plant_yes",
        "inherit_codes": false
      }
    ]
  }*/
]