[
  {
    "name": "Woodfall Temple",
    "short_name": "WFT",
    "parent": "Poison Swamp Area",
    "access_rules": [
      "ocarina,sonata,deku"
    ],
    "sections": [
      {
        "name": "Small Key Chest",
        "short_name": "Small Key",
        "access_rules": [
          "deku",
          "hookshot"
        ],
        "capture_item": true,
        "item_count": 1
      },

      {
        "name": "Map Chest",
        "short_name": "Map",
        "access_rules": [
          "deku",
          "hookshot,goron",
          "hookshot,$has_explosives"
        ],
        "capture_item": true,
        "item_count": 1
      },
	  
      {
        "name": "Compass Chest",
        "short_name": "Compass",
        "access_rules": [
		  "deku,bow",
		  "deku,woodfall_small_keys:1",
          "hookshot"
        ],
        "capture_item": true,
        "item_count": 1
      },

      {
        "name": "Hero's Bow Chest",
        "short_name": "Bow",
        "access_rules": [
          "deku,bow",
          "deku,woodfall_small_keys:1",
		  "hookshot"
        ],
        "capture_item": true,
        "item_count": 1
      },

      {
        "name": "Boss Key Chest",
        "short_name": "Boss Key",
        "access_rules": [
          "deku,bow"
        ],
        "capture_item": true,
        "item_count": 1
      },

      {
        "name": "Odolwa",
        "hosted_item": "woodfall",
		"chest_unopened_img": "images/heartcontainer.png",
		"chest_opened_img": "images/heartcontainer_grey.png",
        "access_rules": [
          "woodfall_boss_key,bow,deku",
		  "woodfall_boss_key,bow,hookshot"
        ],
        "capture_item": true,
        "item_count": 1
      },

      {
        "name": "Oath to Order",
		"chest_unopened_img": "images/unknownsong.png",
		"chest_opened_img": "images/unknownsong_check.png",
        "access_rules": [
          "woodfall"
        ],
        "capture_item": true,
        "item_count": 1
      }

    ],
    "map_locations": [
      {
        "map": "termina",
        "x": 542,
        "y": 478
      }
    ]
  },

  {
    "name": "Snowhead Temple",
    "short_name": "SHT",
    "parent": "Snowhead Area",
    "sections": [

      {
        "name": "Map Chest",
        "short_name": "Map",
        "access_rules": [
			"goron",
			"zora"
        ],
        "capture_item": true,
        "item_count": 1
      },

      {
        "name": "Small Key Chest 1F West",
        "short_name": "Small Key 1",
        "access_rules": [
			"goron",
			"zora"
        ],
        "capture_item": true,
        "item_count": 1
      },

      {
        "name": "Compass Chest",
        "short_name": "Compass",
        "access_rules": [
			"goron,hookshot",
			"goron,snowhead_small_keys:1",
			"zora"
        ],
        "capture_item": true,
        "item_count": 1
      },

      {
        "name": "Small Key Chest 2F",
        "short_name": "Small Key 2",
        "access_rules": [
          "goron,hookshot,$has_explosives",
		  "goron,hookshot,snowhead_small_keys:1",
		  "goron,$has_explosives,snowhead_small_keys:1",
		  "goron,bow,firearrows,snowhead_small_keys:1",
		  "zora,$has_explosives",
		  "zora,bow,firearrows,snowhead_small_keys:1"
        ],
        "capture_item": true,
        "item_count": 1
      },

      {
        "name": "Fire Arrows Chest",
        "short_name": "Fire Arrows",
        "access_rules": [
          "goron,bow,firearrows",
		  "goron,hookshot",
		  "goron,$has_explosives,snowhead_small_keys:1,zora",
		  "goron,$has_explosives,snowhead_small_keys:2",
		  "zora,bow,firearrows",
		  "zora,hookshot"
        ],
        "capture_item": true,
        "item_count": 1
      },

      {
        "name": "Small Key Chest 1 East",
        "short_name": "Small Key 3",
        "access_rules": [
          "goron,hookshot",
          "goron,bow,firearrows",
		  "zora"
        ],
        "capture_item": true,
        "item_count": 1
      },

      {
        "name": "Boss Key Chest",
        "short_name": "Boss Key",
        "access_rules": [
          "goron,bow,firearrows",
          "zora,bow,firearrows,snowhead_small_keys:1"
        ],
        "capture_item": true,
        "item_count": 1
      },

      {
        "name": "Goht",
        "hosted_item": "snowhead",
		"chest_unopened_img": "images/heartcontainer.png",
		"chest_opened_img": "images/heartcontainer_grey.png",
        "access_rules": [
          "snowhead_boss_key,goron,bow,firearrows"
        ],
        "capture_item": true,
        "item_count": 1
      },

      {
        "name": "Oath to Order",
		"chest_unopened_img": "images/unknownsong.png",
		"chest_opened_img": "images/unknownsong_check.png",
        "access_rules": [
          "snowhead"
        ],
        "capture_item": true,
        "item_count": 1
      }

    ],
    "map_locations": [
      {
        "map": "termina",
        "x": 488,
        "y": 35
      }
    ]
  },

  {
    "name": "Great Bay Temple",
    "short_name": "GBT",
    "parent": "GB Easy To Swim To",
    "access_rules": [
      "zora,ocarina,bossanova,[hookshot]"
    ],
    "sections": [
      {
        "name": "Map Chest",
        "short_name": "Map",
        "access_rules": [
          "zora,hookshot"
        ],
        "capture_item": true,
        "item_count": 1
      },

      {
        "name": "Compass Chest",
        "short_name": "Compass",
        "access_rules": [
          "zora,hookshot"
        ],
        "capture_item": true,
        "item_count": 1
      },

      {
        "name": "Small Key Chest",
        "short_name": "Small Key",
        "access_rules": [
          "zora,hookshot"
        ],
        "capture_item": true,
        "item_count": 1
      },

      {
        "name": "Boss Key Chest",
        "short_name": "Boss Key",
        "access_rules": [
          "bow,icearrows,[firearrows],zora,hookshot"
        ],
        "capture_item": true,
        "item_count": 1
      },

      {
        "name": "Ice Arrows Chest",
        "short_name": "Ice Arrows",
        "access_rules": [
          "zora,hookshot,greatbay_small_keys:1"
        ],
        "capture_item": true,
        "item_count": 1
      },

      {
        "name": "Gyorg",
        "hosted_item": "greatbay",
		"chest_unopened_img": "images/heartcontainer.png",
		"chest_opened_img": "images/heartcontainer_grey.png",
        "access_rules": [
          "greatbay_boss_key,bow,icearrows,zora,hookshot,deku,[soaring]",
		  "greatbay_boss_key,bow,icearrows,zora,hookshot,deku,goron",
		  "greatbay_boss_key,bow,icearrows,zora,hookshot,firearrows"
        ],
        "capture_item": true,
        "item_count": 1
      },

      {
        "name": "Oath to Order",
		"chest_unopened_img": "images/unknownsong.png",
		"chest_opened_img": "images/unknownsong_check.png",
        "access_rules": [
          "greatbay"
        ],
        "capture_item": true,
        "item_count": 1
      }

    ],
    "map_locations": [
      {
        "map": "termina",
        "x": 100,
        "y": 350
      }
    ]
  },

  {
    "name": "Stone Tower Temple",
    "short_name": "STT",
    "parent": "Stone Tower",
    "sections": [

      {
        "name": "Stone Tower Temple Map Chest",
        "short_name": "Map",
        "access_rules": [
          "goron,elegy,mirrorshield,$has_explosives",
          "goron,elegy,bow,lightarrows,$has_explosives",
		  "zora,stonetower_small_keys:1,bow,lightarrows"
        ],
        "capture_item": true,
        "item_count": 1
      },

      {
        "name": "Stone Tower Temple Small Key Chest B2",
        "short_name": "Stone Tower Small Key 1",
        "access_rules": [
          "goron,elegy,mirrorshield,$has_explosives",
          "goron,elegy,bow,lightarrows,$has_explosives",
		  "zora,stonetower_small_keys:1,bow,lightarrows"
        ],
        "capture_item": true,
        "item_count": 1
      },

      {
        "name": "Stone Tower Temple Small Key Chest 1F",
        "short_name": "Stone Tower Small Key 2",
        "access_rules": [
          "goron,elegy,stonetower_small_keys:1,zora,$has_explosives",
          "goron,elegy,stonetower_small_keys:1,[soaring],$has_explosives",
		  "zora,bow,lightarrows"
        ],
        "capture_item": true,
        "item_count": 1
      },

      {
        "name": "Stone Tower Temple Compass Chest",
        "short_name": "Compass",
        "access_rules": [
          "goron,zora,stonetower_small_keys:1,elegy,mirrorshield",
          "bow,lightarrows"
        ],
        "capture_item": true,
        "item_count": 1
      },

      {
        "name": "Stone Tower Temple Light Arrows Chest",
        "short_name": "Light Arrows",
        "access_rules": [
          "goron,$has_explosives,zora,mirrorshield,deku,stonetower_small_keys:2",
          "bow,lightarrows,stonetower_small_keys:1,[deku]"
        ],
        "capture_item": true,
        "item_count": 1
      },

      {
        "name": "Inverted Stone Tower Temple Small Key Chest 2F",
        "short_name": "Inverted Tower Small Key 3",
        "access_rules": [
          "bow,lightarrows,[deku]"
        ],
        "capture_item": true,
        "item_count": 1
      },

      {
        "name": "Inverted Stone Tower Temple Small Key Chest 1F",
        "short_name": "Inverted Tower Small Key 4",
        "access_rules": [
          "bow,lightarrows,deku,stonetower_small_keys:1,hookshot,[elegy]"
        ],
        "capture_item": true,
        "item_count": 1
      },

      {
        "name": "Giant's Mask Chest",
        "short_name": "Giant's Mask",
        "access_rules": [
          "bow,lightarrows,firearrows,stonetower_small_keys:2,hookshot,deku"
        ],
        "capture_item": true,
        "item_count": 1
      },

      {
        "name": "Inverted Stone Tower Temple Boss Key Chest",
        "short_name": "Boss Key",
        "access_rules": [
          "bow,lightarrows,deku,stonetower_small_keys:1,hookshot"
        ],
        "capture_item": true,
        "item_count": 1
      },

      {
        "name": "Twinmold",
        "hosted_item": "stonetower",
		"chest_unopened_img": "images/heartcontainer.png",
		"chest_opened_img": "images/heartcontainer_grey.png",
        "access_rules": [
          "bow,lightarrows,hookshot,deku,stonetower_boss_key,stonetower_small_keys:2"
        ],
        "capture_item": true,
        "item_count": 1
      },

      {
        "name": "Oath to Order",
		"chest_unopened_img": "images/unknownsong.png",
		"chest_opened_img": "images/unknownsong_check.png",
        "access_rules": [
          "stonetower"
        ],
        "capture_item": true,
        "item_count": 1
      }

    ],
    "map_locations": [
      {
        "map": "termina",
        "x": 956,
        "y": 223
      }
    ]
  }

]
