{
  "tracker_default": {
    "type": "container",
    "background": "#212121",
    "content": {
      "type": "dock",
      "dropshadow": true,
      "content": [
        {
          "type": "dock",
          "dock": "left",
          "v_alignment": "stretch",
          "margin": "0,0,3,0",
          "content": [
            {
              "type": "group",
              "header": "Items",
              "dock": "top",
              "content": {
                "type": "layout",
                "key": "shared_item_grid"
              }
            },
            {
              "type": "group",
              "header": "Settings",
              "content": {
                "type": "itemgrid",
                "h_alignment": "left",
                "item_margin": "1,2",
                "rows": [
                  [
                    "shopsanity"
                  ]
                ]
              }
            }
          ]
        },
        {
          "type": "dock",
          "content": [
            {
              "type": "tabbed",
              "dock": "top",
              "tabs": [
                {
                  "title": "Termina",
                  "icon": "images/sun.png",
                  "content": {
                    "type": "map",
                    "maps": [
                      "termina"
                    ]
                  }
                },
                {
                  "title": "Clock Town",
                  "icon": "images/clock.png",
                  "content": {
                    "type": "map",
                    "maps": [
                      "clocktown"
                    ]
                  }
                }
              ]
            },
            {
              "type": "group",
              "header": "Pinned Locations",
              "margin": "3,0,0,0",
              "content": {
                "type": "recentpins",
                "style": "wrap",
                "h_alignment": "stretch",
                "v_alignment": "stretch",
                "orientation": "horizontal",
                "compact": true
              }
            }
          ]
        }
      ]
    }
  }
}